{
    "appKeys": {},
    "capabilities": [
        "location",
        "configurable"
    ],
    "companyName": "raghuram.4350@gmail.com",
    "longName": "Recipe for success",
    "projectType": "pebblejs",
    "resources": {
        "media": [
            {
                "file": "images/menu_icon.png",
                "menuIcon": true,
                "name": "IMAGE_MENU_ICON",
                "type": "bitmap"
            },
            {
                "file": "images/logo_splash.png",
                "name": "IMAGE_LOGO_SPLASH",
                "type": "bitmap"
            },
            {
                "file": "images/tile_splash.png",
                "name": "IMAGE_TILE_SPLASH",
                "type": "bitmap"
            },
            {
                "file": "fonts/UbuntuMono-Regular.ttf",
                "name": "MONO_FONT_14",
                "type": "font"
            },
            {
                "file": "images/Boil.png",
                "name": "IMAGES_BOIL_PNG",
                "type": "png"
            },
            {
                "file": "images/smlmukl.png",
                "name": "IMAGES_SMLMUKL_PNG",
                "type": "png"
            },
            {
                "file": "images/clocksmal.png",
                "name": "IMAGES_CLOCKSMAL_PNG",
                "type": "png"
            },
            {
                "file": "images/clock-copy.png",
                "name": "IMAGES_CLOCK_COPY_PNG",
                "type": "png"
            }
        ]
    },
    "sdkVersion": "3",
    "shortName": "Recipe for success",
    "targetPlatforms": [
        "basalt"
    ],
    "uuid": "399690c5-1ce0-4f11-ae43-c30a3408679b",
    "versionCode": 1,
    "versionLabel": "1.0",
    "watchapp": {
        "hiddenApp": false,
        "watchface": false
    }
}
